id,source,title,label_aktual_str,jenis_kesalahan_cat,kategori,cat_pred,cat_prob_AI,xgb_pred,xgb_prob_AI,rf_pred,rf_prob_AI,cuplikan_teks,text
100,Liputan6,Fahri Hamzah Duga PKS Penyebab Anies Tak Kunjung Pilih Wagub DKI,AI,FN (AI dikira manusia),sulit (semua model salah),0,0.0791,0,0.2861,0,0.2862,Fahri Hamzah menduga PKS menjadi penyebab Anies belum juga menentukan pilihan Wakil Gubernur DKI. Dugaan tersebut disampaikan terkait proses penentuan calon Wag,"Fahri Hamzah menduga PKS menjadi penyebab Anies belum juga menentukan pilihan Wakil Gubernur DKI. Dugaan tersebut disampaikan terkait proses penentuan calon Wagub DKI yang berlangsung cukup lama. Menurut Fahri Hamzah, proses penentuan Wagub DKI menjadi perhatian karena belum juga menemui kejelasan. Ia menduga terdapat faktor yang menghambat proses tersebut. ""Saya menduga PKS menjadi penyebab Anies belum menentukan Wagub DKI. Ini merupakan dugaan saya,"" ujar Fahri Hamzah dalam keterangannya. Ia menjelaskan bahwa proses penentuan Wagub DKI seharusnya dapat berjalan lebih cepat. Menurutnya, penentuan tersebut perlu segera diselesaikan. Fahri Hamzah menekankan bahwa persoalan tersebut menjadi perhatian publik. Menurutnya, kejelasan mengenai Wagub DKI dinantikan banyak pihak. Ia menyatakan bahwa dugaannya disampaikan berdasarkan penilaiannya terhadap situasi. Menurutnya, hal tersebut menjadi bagian dari perhatiannya terhadap proses tersebut. Fahri Hamzah menjelaskan bahwa penentuan Wagub DKI menjadi hal yang penting. Menurutnya, posisi tersebut perlu segera diisi. Ia berharap proses penentuan Wagub DKI dapat segera menemui kejelasan. Menurutnya, penyelesaian yang cepat akan mendukung jalannya pemerintahan. Fahri Hamzah menekankan pentingnya penyelesaian proses tersebut. Menurutnya, hal tersebut menjadi perhatian yang perlu disikapi. Ia menyatakan akan terus mengikuti perkembangan proses penentuan Wagub DKI. Menurutnya, kejelasan mengenai hal tersebut dinantikan masyarakat."
165,Kompas,TNI AU Latihan Penurunan Paksa Pesawat Asing di Pekanbaru,AI,FN (AI dikira manusia),sulit (semua model salah),0,0.2616,0,0.1227,0,0.3833,TNI Angkatan Udara (AU) menggelar latihan penurunan paksa terhadap pesawat asing di Pekanbaru. Latihan tersebut menjadi bagian dari upaya menjaga wilayah udara.,"TNI Angkatan Udara (AU) menggelar latihan penurunan paksa terhadap pesawat asing di Pekanbaru. Latihan tersebut menjadi bagian dari upaya menjaga wilayah udara. Menurut pihak TNI AU, latihan tersebut ditujukan untuk meningkatkan kesiapan. Mereka menyatakan bahwa latihan menjadi bagian dari upaya menjaga kedaulatan udara. ""Kami menggelar latihan penurunan paksa pesawat asing. Ini untuk meningkatkan kesiapan,"" ujar perwakilan TNI AU dalam keterangannya. Mereka menjelaskan bahwa latihan tersebut dilakukan untuk menguji kesiapan personel. Menurut mereka, hal tersebut penting untuk menjaga wilayah udara. TNI AU menekankan bahwa menjaga kedaulatan udara menjadi tugas penting. Menurut mereka, latihan tersebut mendukung kesiapan dalam menjaga wilayah. Mereka menyatakan bahwa latihan dilakukan sesuai dengan prosedur. Menurut TNI AU, hal tersebut penting untuk memastikan kesiapan. TNI AU menjelaskan bahwa latihan tersebut melibatkan sejumlah personel dan alutsista. Menurut mereka, hal tersebut penting untuk menguji kesiapan. Mereka menekankan pentingnya kesiapan dalam menghadapi berbagai situasi. Menurut TNI AU, latihan mendukung kesiapan tersebut. TNI AU menyatakan bahwa mereka akan terus meningkatkan kesiapan. Menurut mereka, hal tersebut penting untuk menjaga kedaulatan udara. Mereka berharap latihan tersebut dapat meningkatkan kemampuan personel. Menurut TNI AU, hal tersebut mendukung tugas menjaga wilayah udara. TNI AU menegaskan komitmen untuk menjaga kedaulatan wilayah udara. Menurut mereka, latihan menjadi bagian dari upaya tersebut."
96,Detik,"Jelang Natal, 85 Ribu Kendaraan Diprediksi Melintasi Tol Cikarut",AI,FN (AI dikira manusia),sulit (semua model salah),0,0.4033,0,0.3845,0,0.3983,"Menjelang Natal, sebanyak 85 ribu kendaraan diprediksi melintasi Tol Cikampek Utama (Cikarut). Prediksi tersebut disampaikan sebagai bagian dari antisipasi lonj","Menjelang Natal, sebanyak 85 ribu kendaraan diprediksi melintasi Tol Cikampek Utama (Cikarut). Prediksi tersebut disampaikan sebagai bagian dari antisipasi lonjakan arus kendaraan. Menurut pihak terkait, jumlah kendaraan diperkirakan meningkat menjelang libur Natal. Mereka menyiapkan sejumlah langkah untuk mengantisipasi lonjakan tersebut. ""Menjelang Natal, kami memprediksi 85 ribu kendaraan akan melintasi Tol Cikarut. Kami siapkan antisipasinya,"" ujar perwakilan pihak terkait dalam keterangannya. Mereka menjelaskan bahwa lonjakan arus kendaraan biasa terjadi saat libur panjang. Menurut mereka, antisipasi diperlukan untuk menjaga kelancaran arus. Pihak terkait menekankan pentingnya kesiapan menghadapi lonjakan kendaraan. Menurut mereka, berbagai persiapan telah dilakukan menjelang masa libur. Mereka menyatakan bahwa petugas akan disiagakan di sejumlah titik. Menurut pihak terkait, hal tersebut dilakukan untuk mendukung kelancaran arus. Pihak terkait mengimbau pengendara untuk merencanakan perjalanan dengan baik. Menurut mereka, persiapan yang matang akan membantu kelancaran perjalanan. Mereka juga mengimbau pengendara untuk tetap berhati-hati saat melintas. Menurut pihak terkait, keselamatan berkendara menjadi hal yang diutamakan. Pihak terkait berharap arus kendaraan dapat berjalan lancar selama libur Natal. Menurut mereka, kelancaran arus menjadi hal yang diupayakan."
581,Liputan6,Menaker Dorong Generasi Muda Jadi Sociopreneur,manusia,FP (manusia dikira AI),sulit (semua model salah),1,0.5747,1,0.555,1,0.5077,Pemerintah terus mendorong generasi muda untuk meniti masa depannya menjadi sociopreneur atau wirausaha sosial. Kehadiran para sociopreneur dinilai sangat penti,"Pemerintah terus mendorong generasi muda untuk meniti masa depannya menjadi sociopreneur atau wirausaha sosial. Kehadiran para sociopreneur dinilai sangat penting karena perannya mampu menopang pertumbuhan ekonomi nasional. ""Jadi tidak hanya mengejar keuntungan bisnis, tapi juga bisa memberikan manfaat sebesar-besarnya kepada masyarakat,"" ujar Menteri Ketenagakerjaan RI (Menaker), M. Hanif Dhakiri, saat menjadi narasumber dalam ""Sekolah Miliarder"" yang diselenggarakan oleh PB PMII di Jakarta, Jumat (3/8/2018). Pada dasarnya, sociopreneur merupakan kegiatan wirausaha yang mempunyai perhatian penuh terhadap pengembangan masyarakat di lingkungannya, sehingga mampu memberdayakan masyarakat untuk menghasilkan suatu perubahan sosial yang berujung pada kesejahteraan bersama. ""Saya ingin kalian jadi agen perubahan wirausaha sosial itu,"" ucap Hanif kepada para peserta. Menurutnya, ada beberapa hal yang harus disiapkan generasi muda untuk menjadi sociopreneur. Pertama, motivasi kerja keras dan berbuat kebaikan. Sudah bukan rahasia lagi, kerja keras merupakan kunci bagi seseorang untuk mencapai kesuksesan. ""Sedangkan menjadi baik, menjadi orang yang bisa memberikan manfaatkan sebesar-besarnya kepada orang lain,"" kata Hanif. Kedua, kreatif dan inovatif. Untuk menjadi kreatif dan inovatif, imbuhnya, seseorang harus belajar dan bekerja di atas standar, serta keluar dari zona nyaman. ""Anda harus keluar dari rutinitas. Kalau tidak, Anda akan terlalu nyaman dan pasti tidak akan kreatif,"" ujar Hanif. Ketiga, responsif terhadap perubahan zaman. Perkembangan teknologi dan informasi telah memberi dampak besar terhadap perubahan model bisnis dewasa ini. Untuk itu, wirausahawan muda harus responsif terhadap perubahan zaman agar bisnis yang dijalankan tetap relevan. ""Yang akan bertahan hidup bukanlah mereka yang paling kuat, yang akan bertahan hidup bukanlah mereka yang paling pintar, tapi yang akan bertahan hidup adalah mereka yang paling resposnsif terhadap perubahan"" ucap Hanif, mengutip gagasan Charles Darwin. Terakhir, dirinya mengingatkan para peserta bahwa menjadi wirausahawan tantangannya sangat besar. Oleh karena itu, seorang wirausahawan haruslah pantang menyerah dan istiqomah. ""Jangan berhenti karena capek, tapi berhentilah karena sampai"" kata Hanif. Dalam kesempatan tersebut, ia juga memberikan salah satu contoh bentuk dukungan pemerintah dalam mendorong tumbuhnya wirausahawan muda. Peresmian Innovation Room di Kementerian Ketenagakerjaan RI. Pembangunan Innovation Room, lanjut Hanif, didasari oleh perkembangan teknologi dan informasi yang telah memberi pengaruh besar terhadap perubahan model bisnis berikut keterampilan yang dibutuhkan. Ruangan ini pun diharapkan dapat menjadi sarana untuk membekali generasi muda tentang literasi digital, khususnya digital skill. (*)"
628,Kompas,Temuan Baru: Kopi Punya Efek Berlawanan dengan Ganja,manusia,FP (manusia dikira AI),sulit (semua model salah),1,0.6053,1,0.7624,1,0.6305,Kopi merupakan salah satu jenis minuman yang kini mudah ditemui di mana saja. Banyak orang menggandrungi minuman yang satu ini. Berbagai penelitian terkait kopi,"Kopi merupakan salah satu jenis minuman yang kini mudah ditemui di mana saja. Banyak orang menggandrungi minuman yang satu ini. Berbagai penelitian terkait kopi pun kemudian dibuat. Salah satunya yang dirilis baru-baru ini yakni sebuah penelitian yang mengaitkan kopi sebagai lawan dari ganja. Penelitian yang dipublikasikan dalam Journal of Internal Medicine tersebut menemukan bahwa kopi menyebabkan turunnya kadar endocannabinoid, zat yang terkait dengan sistem tubuh untuk merespons ganja. Para peneliti menemukan orang yang minum antara 4-8 cangkir kopi sehari mengalami penurunan endocannabinoid. Endocannabinoid adalah molekul yang mengikat reseptor cannabinoid (kandungan aktif dalam ganja), yang ditemukan di seluruh sistem saraf, serta jaringan kekebalan dan endokrin. bagi Penderita Batu Ginjal, asal... Tubuh manusia sebenarnya membuat endocannabinoid sendiri. Tapi tubuh juga merespons cannabinoid asing, seperti yang ditemukan di daun tanaman genus Cannabis. Marilyn Cornelis, pemimpin penelitian ini, menyebut bahwa kopi menekan bahan kimia tersebut sehingga mencegah seseorang merokok ganja. Cornelis juga menjelaskan, kopi bisa menghasilkan efek berlawanan dari ganja pada sistem endocannabinoid. Untuk diketahui, penelitian ini tidak melihat sensasi atau perilaku yang dihasilkan dari konsumsi kopi atau ganja, melainkan para peneliti hanya melihat naik-turunnya zat dalam tubuh setelah konsumsi kedua benda tersebut. ""Apa yang kita lihat di sini adalah bahwa sistem yang terkena dampak kopi dan ganja tumpang tindih,"" kata Cornelis dikutip dari Live Science, Kamis (15/03/2018). Cornelis menambahkan, hal ini berarti minum kopi dengan ganja pada sistem tubuh Anda bisa menciptakan efek yang berinteraksi meski sifat interaksinya belum jelas. Menurut Cornelis, basanya endocannabinoid yang menurun dengan konsumsi kopi ini juga menurun saat tubuh sedang stres. Ada kemungkinan jumlah kopi yang dikonsumsi para peserta penelitian ini (4-8 cangkir sehari) menyebabkan stres pada tubuh. Inilah yang diduga sebagai penyebab turunnya tingkat endocannabinoid. Selain itu, Cornelis dan timnya juga menemukan bahwa kosumsi kopi meningkatkan konsentrasi steroid dalam darah. Ini mungkin terjadi karena kopi mengandung steroid tanaman yang disebut fitosterol. Penelitian ini juga menemukan bahwa konsumsi kopi berkaitan dengan perubahan dari sekitar 115 zat dalam darah. Sebanyak 34 di antaranya belum memiliki nama dan perannya pada tubuh tidak diketahui."
464,Liputan6,"Imbas KRL Anjlok, Penyandang Disabilitas Dievakuasi Lewat Pagar",manusia,FP (manusia dikira AI),sulit (semua model salah),1,0.6488,1,0.574,1,0.5055,"KRL Commuter Line jurusan Tanah Abang-Parung Panjang anjlok tidak jauh dari Stasiun Palmerah, Jakarta, Sabtu (13/10/2018). Sejumlah penumpang terpaksa turun di ","KRL Commuter Line jurusan Tanah Abang-Parung Panjang anjlok tidak jauh dari Stasiun Palmerah, Jakarta, Sabtu (13/10/2018). Sejumlah penumpang terpaksa turun di tengah jalan. Akibat insiden ini, kereta yang mengarah menuju Tanah Abang tertahan di sinyal masuk. Sebagian penumpang KRL yang turun dialihkan ke kereta yang menuju Tanah Abang karena jarak berjalan kaki menuju stasiun terdekat, yakni Palmerah, masih sekitar 500 meter. Namun karena pintu yang terlalu tinggi, sebagian besar penumpang memilih berjalan kaki. KRL yang mengarah ke Stasiun Tanah Abang juga ikut tertahan di sinyal masuk. Petugas berulang kali mengumumkan bahwa kereta tertahan karena menunggu antrean. Situasi ini berlangsung selama hampir sejam. Penumpang yang kesal dan kelelahan berdiri di dalam gerbong, akhirnya memutuskan untuk membuka paksa pintu lalu turun. Pantauan Liputan6.com, penumpang berjalan menyusuri rel menuju Stasiun Tanah Abang yang berjarak sekitar 500 meter. Penumpang saling bantu agar bisa turun. Beberapa petugas stasiun juga datang membawa bangku untuk membantu penumpang turun. Petugas keamanan stasiun dan KRL lalu mengarahkan penumpang melalui jalur yang aman. Petugas juga terpaksa mengevakuasi salah seorang penumpang penyandang disabilitas. Awalnya seorang petugas kebersihan KRL berniat menggendong pemuda itu menyusuri rel menuju, tapi urung dilakukan karena jarak yang terlalu jauh. Dibantu penumpang, penyandang tuna daksa itu lalu digendong melewati pagar pembatas menuju permukiman warga terdekat untuk selanjutnya dibawa naik ojek ke stasiun. KCI Minta Maaf PT Kereta Commuter Indonesia (KCI) telah meminta maaf atas keterlambatan yang dialami oleh penumpang kereta jurusan Tanah Abang, Tanah Abang-Serpong-Parung Panjang-Maja-Rangkasbitung. Saat ini, perbaikan tengah dilakukan agar jalur kembali aman dilintasi. ""Saat ini proses evakuasi KA 1962 masih dilakukan oleh tim gabungan dari PT KAI Daop 1 Jakarta dan PT KCI,"" kata VP Corporate Communication KCI Eva Chairunisa. Selama proses evakuasi, lanjut Eva, perjalanan KRL lintas Tanah Abang hingga Rangkasbitung masih tetap dapat dilakukan dengan berjalan bergantian pada jalur yang sama saat melintasi lokasi. Sementara itu, bagi para pengguna jasa yang telah melakukan transaksi tiket dan memutuskan untuk berganti moda transportasi, maka proses pengembalian tiket KRL dapat dilakukan di stasiun terdekat."
16,Detik,Mendikbud Nadiem Soroti Guru Beri Tugas Berlebihan Saat Corona,manusia,FP (manusia dikira AI),sulit (semua model salah),1,0.8179,1,0.9243,1,0.7696,Menteri Pendidikan dan Kebudayaan (Mendikbud) Nadiem Makarim angkat suara terkait banyaknya keluhan para siswa yang merasa terbebani dengan banyaknya tugas seko,"Menteri Pendidikan dan Kebudayaan (Mendikbud) Nadiem Makarim angkat suara terkait banyaknya keluhan para siswa yang merasa terbebani dengan banyaknya tugas sekolah yang diberikan guru saat belajar di rumah karena pandemi virus Corona. Nadiem mengakui selama ini masih banyak sekolah yang belum mengimplementasikan dengan baik proses pembelajaran yang menyenangkan. ""Ini isu terbesar bahwa banyak sekali sekolah maupun guru yang masih belum fully mengimplementasikan pembelajaran yang menyenangkan dan juga menyajikan kurikulum dengan cara yang menyenangkan. Ini bukan cuma masalah online learning, tapi ini masalah untuk online dan offline learning,"" kata Nadiem dalam telekonferensi yang digelar Kemendikbud, Kamis (9/4/2020). Nadiem menyadari saat ini banyak guru yang masih memberikan pekerjaan rumah yang banyak kepada para siswa dalam proses belajar secara daring. Namun, dia mengatakan hal itu merupakan akibat banyak guru yang masih melakukan proses transisi dari sistem belajar secara tatap langsung ke sistem belajar online. Untuk itu, Nadiem mengaku masih memahami proses adaptasi yang dilakukan para guru tersebut. Namun, dia juga sudah memberikan imbauan keras kepada para tenaga pengajar untuk memberikan bimbingan terbaik selama proses belajar online, bukan hanya memberikan siswa banyak pekerjaan rumah. ""Memang ini beberapa guru masih memberikan pekerjaan-pekerjaan yang mungkin sangat berat, dan menurut saya alasannya bukan karena mereka ingin anaknya bekerja atau apa, tapi memang ini masih dalam proses adaptasi terhadap metode pembelajaran online atau jarak jauh. Ini adalah proses transisi,"" kata Nadiem. ""Kita juga sudah beri imbauan yang keras kepada para guru untuk membimbing juga, jangan cuma dibeberkan siswa beban pekerjaan yang banyak,"" sambungnya. Nadiem juga meminta para dinas pendidikan dan guru untuk tidak berorientasi pada banyaknya jumlah bahan-bahan pembelajaran yang diberikan kepada murid. Imbas virus Corona yang membuat Ujian Nasional (UN) ditiadakan tahun ini, lanjut Nadiem, diharapkan dapat membuat pendidik bisa lebih berfokus pada kualitas materi yang diberikan ke siswa. ""Karena ada krisis COVID-19 sehingga kita bilang tidak usah sampai tuntas, tapi mengejarnya kualitas. Sehingga harapannya makin lama mereka akan belajar untuk menemukan format belajar yang lebih menyenangkan siswa,"" pungkas Nadiem."
321,Detik,"Wiebe Wakker, Bule Belanda Bermobil Listrik Singgah di Banyuwangi",manusia,FP (manusia dikira AI),sulit (semua model salah),1,0.8271,1,0.8231,1,0.714,Wiebe berada di Banyuwangi selama dua malam untuk beristirahat dan mengisi ulang baterai mobilnya sebelum melanjutkan perjalanan menuju Timor Leste. Selama bera,"Wiebe berada di Banyuwangi selama dua malam untuk beristirahat dan mengisi ulang baterai mobilnya sebelum melanjutkan perjalanan menuju Timor Leste. Selama berada di Banyuwangi, ia mengaku sangat terkesan dengan kota di ujung timur Pulau Jawa ini, terutama karena bangunan-bangunan peninggalan Belanda yang ada. Pria lulusan Art and Economic, University of Art di Utrecht, Belanda ini juga sempat merasakan kuliner sate ayam dan menyaksikan salah satu kesenian khas Banyuwangi, yakni tarian Gandrung. Kepada Anas, Wiebe juga menyatakan bahwa tujuan utamanya keliling dunia ini tak lain untuk mengkampanyekan mobil listrik sebagai mobil yang ramah lingkungan dan hemat energi. Karena menurutnya, belum banyak negara yang menggunakan mobil listrik. Mobil listrik ini, kata Wiebe, mampu menempuh jarak ribuan kilometer dengan kecepatan 180 km/jam. Selain itu penggunaan mobil ini tidaklah sesulit yang dibayangkan karena untuk pengisian bahan bakar, pengguna hanya mengisi ulang baterainya selama 12 jam. ""Itu bisa dilakukan dimanapun. Baterai yang penuh bisa untuk melakukan perjalanan hingga 200 km,"" kata dia. Diakui Wiebe, butuh waktu panjang untuk mengubah kebiasaan orang menggunakan mobil elektrik, karena mereka beranggapan mobil ini tidak mampu untuk melakukan perjalanan jauh. ""Dengan saya keliling dunia, saya ingin yakinkan bahwa mobil ini mampu menempuh perjalanan ribuan kilometer,"" tambahnya. Anas pun menyatakan rasa terima kasihnya kepada Wiebe karena berkenan untuk singgah di Banyuwangi. ""Dengan keliling dunia menggunakan mobil listrik ini, sangat menginspirasi kami untuk peduli pada lingkungan,"" ungkapnya. Untuk menunjukkan apresiasinya, Anas melanjutkan keterangannya dengan mengatakan bahwa Banyuwangi memiliki kepedulian tinggi terhadap kelestarian lingkungan. Bahkan, sejak 2013 lalu, Banyuwangi telah mencanangkan gerakan sedekah oksigen, di mana masyarakat diajak untuk peduli menjaga lingkungan dengan cara menanam pohon sebanyak-banyaknya di lingkungan masing-masing. Berkat gerakan itu, di Banyuwangi sendiri saat ini sudah ada sedikitnya 6,7 juta pohon baru yang ditanam di lahan-lahan kosong atau lahan kritis, sehingga cadangan oksigen melimpah. Bahkan, karena banyaknya cadangan oksigen ini Banyuwangi ditetapkan ke dalam jaringan Cagar Biosfer Dunia oleh UNESCO. ""Bagi kami menjaga kelestarian lingkungan sangatlah penting. Karena dengan banyaknya pohon bisa menghasilkan udara yang bersih dan segar,"" pungkas Anas."
24,Kompas,Erdogan Berjanji Bersihkan Suriah dari Milisi Kurdi,manusia,FP (manusia dikira AI),sulit (semua model salah),1,0.8306,1,0.9392,1,0.6981,Presiden Turki Recep Tayyip Erdogan berjanji akan mengusir milisi Kurdi yang didukung AS dan juga kelompok milisi ISIS dari Suriah. Pernyataan itu disampaikan E,"Presiden Turki Recep Tayyip Erdogan berjanji akan mengusir milisi Kurdi yang didukung AS dan juga kelompok milisi ISIS dari Suriah. Pernyataan itu disampaikan Erdogan menyusul keputusan AS untuk menarik pasukannya dari negara konflik tersebut. ""Dalam beberapa bulan ke depan kita akan melihat operasi yang bertujuan untuk menyingkirkan milisi YPG (Unit Perlindungan Rakyat Kurdi) dan elemen-elemen Daesh (ISIS) dari tanah Suriah,"" kata Erdogan di Istanbul, Jumat (21/12/2018). Presiden Amerika Serikat Donald Trump telah membuat pengumuman pada Rabu (19/12/2018) malam tentang pernyataan kemenangan atas ISIS di Suriah. soal Peluang Protes Damai di Turki, Erdogan Naik Pitam Selain itu Trump juga memerintahkan untuk segera dilakukan proses penarikan sekitar 2.000 pasukan AS dari Suriah. Sebelumnya, pada pekan lalu, Erdogan telah mengumumkan akan segera memulai operasi militer baru yang dipimpin pasukan Turki. Erdogan menyatakan menyambut keputusan Trump, namun menegaskan bahwa pihaknya akan tetap waspada karena pengalaman buruk di masa lalu. Pernyataan itu mengacu pada kekecewaan Ankara atas kegagalan pemerintahan AS dalam mewujudkan janjinya untuk berhenti memberikan dukungan militer kepada YPG untuk melawan ISIS. November tahun lalu, para pejabat Turki mengatakan bahwa Trump telah berjanji untuk tidak memasok persenjataan kepada milisi YPG di Suriah, meski Gedung Putih tidak menyatakan janji itu secara eksplisit. Dukungan militer AS kepada milisi YPG telah mengawali dimulainya peranan negara itu dalam pertempuran di Suriah yang bertujuan untuk melenyapkan kelompok teroris ISIS. Sebelumnya diberitakan, Erdogan mengatakan pada 12 Desember bahwa Turki akan memulai operasi militer baru di Suriah utara dalam beberapa hari ke depan, namun pada 14 Desember, dia berbicara dengan Trump melalui telepon. Menurut harian Turki, Hurriyet News, pada Jumat (21/12/2018), keputusan Trump untuk mundur dari Suriah terkait dengan komunikasi telepon tersebut. Sementara Turki mengatakan akan menunggu sedikit lebih lama sebelum meluncurkan operasi militer baru ke Suriah."
423,Detik,Kisah Palestine Walk di Kawasan Alun-alun Bandung,manusia,FP (manusia dikira AI),sulit (semua model salah),1,0.8404,1,0.9444,1,0.7287,"""Baru saja kita meresmikan Palestine Walk sebagai satu simbol dukungan seluruh rakyat Indonesia pada perjuangan rakyat Palestina untuk mendapat kemerdekaan,"" uj","""Baru saja kita meresmikan Palestine Walk sebagai satu simbol dukungan seluruh rakyat Indonesia pada perjuangan rakyat Palestina untuk mendapat kemerdekaan,"" ujar Retno usai peresmian, Sabtu (13/10/2018). Pihaknya sengaja memilih tempat tersebut sebagai lokasi Palestine Walk karena strategis berada di pusat kota. Selain itu, letak Alun-alun Bandung berdekatan dengan Gedung Merdeka yang menjadi tempat bersejarah pertama kali Konferensi Asia Afrika pada tahun 1955. Peresmian Palestine Walk, menurut Retno, sebagai pembuka acara Palestine Solidarity Week yang dimulai pada hari ini hingga sepekan ke depan. Dalam rangkaian acara tersebut akan digelar banyak kegiatan. ""Tujuannya satu, untuk menunjukkan dukungan seluruh rakyat Indonesia pada perjuangan kemerdekaan rakyat Palestina,"" ucap Retno. Menteri Luar Negeri Palestina Riad Malki menyampaikan rasa terima kasih dari seluruh rakyat Palestina terhadap Indonesia yang tak henti-hentinya memberikan dukungan. Ia berharap momen kali ini akan menjadi spirit baru untuk terus memperjuangkan kebebasan dan kemerdekaan bagi Palestina. ""Setiap Anda berjalan di sini, ingatlah rakyat Palestina yang sedang berjuang di sana,"" ujar Riad. Wali Kota Bandung Oded M Danial sangat senang dengan adanya Palestine Walk. Terlebih Bandung sebagai ibu kota Asia-Afrika bisa membantu dan terus berjuang untuk saudara-saudara yang berada di Palestina. ""Mudah-mudahan ini sejarah buat kita bangsa Indonesia khususnya warga Bandung untuk mengingat bahwa Palestina adalah negara yang dulu memberikan dukungan kemerdekaan bagi Indonesia,"" tutur Oded. Oded berharap Palestine Walk bukan hanya menjadi destinasi wajib yang dikunjungi oleh wisatawan, tapi juga sebagai simbol mengingatkan besarnya dukungan Indonesia terhadap Palestina. Lokasi Palestine Walk menjadi spot foto baru di kawasan Alun-alun Bandung. Sebab di tempat ini banyak ornamen-ornamen menarik yang bisa menjadi latar berfoto seperti tulisan Bandung Love Palestina yang berada di tengah pedestrian dan sebuah gerbang bertuliskan Palestine Walk."
171,Kompas,"Kasus Pengadaan Lahan Bandara Bobong, Eks Bupati Sula Didakwa Rugikan Negara Rp 3,4 Miliar",AI,FN (AI dikira manusia),tertolong RF saja,0,0.2794,0,0.3554,1,0.5353,"JAKARTA - Mantan Bupati Kepulauan Sula, Ahmad Hidayat Mus, kembali diseret ke meja hijau atas dugaan penyimpangan pengadaan lahan untuk pembangunan Bandara Bobo","JAKARTA - Mantan Bupati Kepulauan Sula, Ahmad Hidayat Mus, kembali diseret ke meja hijau atas dugaan penyimpangan pengadaan lahan untuk pembangunan Bandara Bobong. Perkara ini menjadi sorotan karena melibatkan pejabat daerah yang pernah memegang kendali penuh atas anggaran kabupaten. Dalam persidangan yang digelar di Pengadilan Tindak Pidana Korupsi, penuntut umum menegaskan bahwa terdakwa diduga memperkaya diri sendiri dan sejumlah pihak lain dengan memanfaatkan proses pembebasan tanah pada tahun anggaran 2009. Menurut jaksa, total kerugian keuangan negara akibat perbuatan tersebut ditaksir mencapai miliaran rupiah, sebuah angka yang dinilai sangat besar bagi daerah yang tengah membutuhkan percepatan pembangunan. Modus yang diuraikan dalam dakwaan berkisar pada penetapan harga tanah yang tidak wajar serta pengaturan pencairan dana yang tidak sesuai prosedur. Penetapan harga per meter persegi disebut dilakukan secara sepihak tanpa melibatkan pemilik lahan yang sesungguhnya, sehingga selisih harga mengalir ke pihak-pihak tertentu. Jaksa memaparkan bahwa pertemuan-pertemuan tertutup diduga menjadi tempat kesepakatan harga dibuat, jauh sebelum proses administrasi resmi berjalan. Dari situ, sejumlah aliran dana kemudian ditelusuri hingga ke rekening pribadi maupun perantara. Selain penetapan harga, proses pencairan anggaran juga dinilai penuh kejanggalan. Pencairan yang dilakukan secara bertahap disebut disertai instruksi lisan agar sebagian dana dialihkan ke sejumlah rekening yang tidak berkaitan langsung dengan pengadaan tanah. Praktik semacam ini, menurut penuntut, memperlihatkan adanya niat untuk mengaburkan jejak penggunaan uang negara. Terdakwa dijerat dengan pasal tindak pidana korupsi yang mengatur perbuatan memperkaya diri sendiri atau orang lain yang merugikan keuangan negara. Ancaman hukuman yang membayangi tidak ringan, mulai dari pidana penjara dalam jangka waktu tertentu hingga kewajiban mengganti kerugian negara. Penuntut umum juga menyatakan akan menghadirkan sejumlah saksi, termasuk pejabat bank daerah dan panitia pengadaan tanah, untuk memperkuat dakwaan. Kasus ini menambah panjang daftar perkara korupsi yang berakar pada pengelolaan anggaran daerah yang lemah pengawasannya. Banyak pihak menilai lemahnya kontrol internal serta minimnya transparansi dalam proses pengadaan menjadi celah yang kerap dimanfaatkan oknum pejabat. Pengamat menilai perkara Bandara Bobong seharusnya menjadi pelajaran penting bagi pemerintah daerah lain agar memperketat mekanisme pengadaan dan pembebasan lahan. Sidang selanjutnya dijadwalkan mendengarkan keterangan saksi-saksi yang akan memberikan gambaran lebih rinci mengenai aliran dana dan mekanisme penetapan harga. Sementara itu, tim penasihat hukum terdakwa menyatakan akan mengajukan nota keberatan dan membantah seluruh tuduhan yang dialamatkan kepada kliennya. Publik pun menanti proses hukum yang berjalan hingga tuntas, dengan harapan penegakan hukum dapat memberikan keadilan sekaligus mengembalikan kerugian yang telah ditanggung negara."
388,Kompas,"Jusuf Kalla: Target Atlet Indonesia Meleset, tetapi Meleset ke Atas",manusia,FP (manusia dikira AI),tertolong RF saja,1,0.5989,1,0.6961,0,0.3565,"Wakil Presiden Republik Indonesia, Jusuf Kalla, mengucapkan permohonan maaf kepada Presiden Republik Indonesia, Joko Widodo, atas melesetnya target yang Preside","Wakil Presiden Republik Indonesia, Jusuf Kalla, mengucapkan permohonan maaf kepada Presiden Republik Indonesia, Joko Widodo, atas melesetnya target yang Presiden berikan kepada kontingen Indonesia pada ajang Asian Para Games 2018. Hal itu disampaikan oleh Jusuf Kalla saat mendapat kesempatan untuk memberikan sambutan pada upacara penutupan Asian Para Games 2018 di Stadion Madya Gelora Bung Karno, Sabtu (13/9/2018). ""Kepada Bapak Presiden, kami ucapkan terima kasih dan permohonan maaf. Kami mohon maaf karena target yang Bapak Presiden berikan kepada kontingen Indonesia, yaitu 16 emas ternyata meleset,"" kata Jusuf Kalla. ""Namun, meleset ke atas! Atlet-atlet Indonesia berhasil mendapatkan total perolehan medali lebih dari 135, dengan rincian 37 emas, 47 perak, dan 51 Perunggu dan menempatkan Indonesia pada peringkat kelima, melebihi prestasi yang diperoleh pada dua Asian Para Games sebelumnya,"" ujarnya. juga memberikan apresiasi kepada semua pendukung ajang Asian Para Games 2018 yang digelar sejak 6-13 Oktober 2018. ""Atas suksesnya penyelenggaraan Asian Para Games 2018 ini, saya ingin menyampaikan ucapan selamat dan terima kasih kepada Menteri Koordinator Bidang Pembangunan Manusia dan Kebudayaan Puan Maharani serta Menteri Pemuda dan Olahraga Imam Nahrawi yang secara langsung ikut mempersiapkan dan mengawal pelaksanaan Asian Para Games 2018 ini,"" ujarnya. ""Atas nama pemerintah, saya juga menyampaikan selamat dan terima kasih kepada seluruh jajaran Asian Para Games 2018 Organizing Committee (Inapgoc) yang dipimpin oleh Saudara Raja Sapta Oktohari, yang sudah bekerja keras dengan penuh dedikasi dan ketulusan untuk mempersiapkan penyelenggaraan Asian Para Games 2018 ini,"" ucapnya. Selain itu, Jusuf Kalla tak lupa mengucapkan terima kasih kepada sponsor, 8.000 relawan, jurnalis, penonton, dan aparat keamaanan yang sudah memeriahkan jalannya ajang Asian Para Games 2018 ini."
3,Kompas,"""Flyover"" Manahan Solo Resmi Dioperasikan, Pesepeda, Truk dan Bus Dilarang Melintas",manusia,FP (manusia dikira AI),tertolong RF saja,1,0.7039,1,0.875,0,0.4496,"Pemerintah Kota (Pemkot) Surakarta secara resmi mengoperasikan jalan layang (flyover) Manahan, Solo, Jawa Tengah, Jumat (21/12/2018). Pengoperasian flyover Mana","Pemerintah Kota (Pemkot) Surakarta secara resmi mengoperasikan jalan layang (flyover) Manahan, Solo, Jawa Tengah, Jumat (21/12/2018). Pengoperasian flyover Manahan tersebut sebagai upaya Pemkot Surakarta mengurai kamacetan sekaligus menyambut angkutan Natal 2018 dan Tahun Baru 2019. Kepala Bidang Lalu Lintas Dinas Perhubungan Kota Surakarta, Ari Wibowo mengatakan, meskipun jalan layang Manahan telah dibuka, ada beberapa kendaraan yang dilarang melintas. Hal ini untuk mengantisipasi kemacetan kendaraan di jalan layang Manahan. Adapun kendaraan yang tidak diperbolehkan melintas itu adalah truk dan bus, baik antar kota dalam provinsi (AKDP) maupun antar kota antar provinsi (AKAP). ""Kendaraan angkutan berat, baik truk maupun bus tidak diperbolehkan naik melintas di jalan layang,"" kata Ari ditemui di Solo, Jawa Tengah, Jumat. Selain itu, kata Ari, pesepeda juga dilarang untuk melintas di flyover Manahan. Pihaknya akan menunggu kajian lebih dahulu dari Wali Kota Surakarta dan Dinas Pekerjaan Umum dan Penataan Ruang Kota Surakarta. pesepeda dan pejalan kaki akan dibuatkan jalan khusus di kawasan tersebut. ""Sudah kita pasang rambu larangan pesepeda dan pejalan kaki naik ke atas (flyover),"" kata dia. Sementara untuk mengatasi penumpukan kendaraan di Jalan dr Moewardi, pedagang kaki lima (PKL) yang setiap sore berjualan di trotoar kawasan tersebut dipindahkan ke sisi selatan Lapangan Kottabarat. ""PKL Jalan dr Moewardi sisi timur akan dipindah ke area parkir sisi selatan Lapangan Kottabarat. Supaya tidak menimbulkan kemacetan di kawasan tersebut,"" ungkapnya. PKL dipindahkan Wali Kota Surakarta FX Hadi Rudyatmo mengatakan, semua PKL di Jalan dr Moewardi di sisi timur dipindahkan ke dalam Lapangan Kottabarat. Mereka menempati area parkir sisi selatan Lapangan Kottabarat. Jika PKL ini tidak dimasukkan ke area parkir sisi selatan Lapangan Kottabarat justru akan menimbulkan kemacetan di kawasan tersebut. Sebab, PKL ini berjualan mulai dari sore hingga malam. ""PKL kita masukkan ke area parkir sisi selatan Lapangan Kottabarat. Mereka memasang tenda sendiri di sana,"" katanya. memindahkan PKL ke area parkir selatan Lapangan Kottabarat, pihaknya juga akan mengurangi trotoar di jalan tersebut. Hal itu agar kendaraan dari arah utara yang belok kiri di perempatan Kottabarat tidak terlalu berada di tengah jalan. ""Trotoar Jalan dr Moewardi ini nanti bisa dikurangi sehingga kendaraan saat manuver di sini tidak terlalu di tengah,"" imbuhnya."
39,Kompas,"Bertemu Prabowo, SBY Beri Pandangan soal Masa Awal Kampanye",manusia,FP (manusia dikira AI),tertolong RF saja,1,0.7218,1,0.7737,0,0.4574,Ketua Umum Partai Demokrat Susilo Bambang Yudhoyono (SBY) menyampaikan pandangannya terkait dinamika yang terjadi selama tiga bulan masa awal kampanye Pilpres 2,"Ketua Umum Partai Demokrat Susilo Bambang Yudhoyono (SBY) menyampaikan pandangannya terkait dinamika yang terjadi selama tiga bulan masa awal kampanye Pilpres 2019. Pandangan itu ia sampaikan saat bertemu calon presiden nomor urut 02 Prabowo Subianto, di kediaman pribadinya, kawasan Mega Kuningan, Jakarta Selatan, Jumat (21/12/2018). Menurut SBY, selama masa awal kampanye tidak terlalu banyak ruang bagi masyarakat untuk mengetahui visi misi, program dan kebijakan para capres. ""Saya sampaikan ke Pak Prabowo tadi dan beliau juga setuju, terus terang kalau saya amati tiga bulan yang baru saja kita lewati dalam konteks pilpres tidak terlalu banyak ruang bagi rakyat untuk bisa mendengarkan apa yang akan dilakukan oleh para capres kita,"" ujar SBY saat memberikan keterangan seusai pertemuan. menilai, yang mengemuka dalam pemberitaan media massa justru lebih banyak pernyataan yang saling menyerang pribadi para capres. Di sisi lain, konten visi misi dan program para capres dinilai belum memadai. Padahal, kata SBY, masyarakat menunggu rencana dari masing-masing capres terkait peningkatan kesejahteraan dan sektor ekonomi. ""Kalau ada konten visi misi program dan kebijakan oleh rakyat dianggap belum memadai. Tentu ini menurut pandangan saya bertentangan dengan apa yang ditunggu oleh rakyat,"" kata SBY. tapi Demokrat Juga Sukses di Parlemen Dalam pertemuan itu, SBY, Prabowo dan petinggi Partai Gerindra serta Demokrat menyepakati strategi kampanye jelang Pilpres 2019. Menurut SBY, mulai Januari hingga April 2019, Prabowo dan calon wakil presiden Sandiaga Uno akan fokus mengkampanyekan visi misi, program serta gagasan yang ditawarkan. ""Saya senang bahwa nanti mulai Januari ke depan, kampanye pilpres, dalam hal ini Pak Prabowo dan Pak Sandiaga Uno akan lebih fokus dan memang mengarah pada solusi atau jawaban terhadap apa yang diinginkan rakyat, persoalan apa yang dihadapi oleh rakyat kita sekarang ini,"" kata Presiden keenam RI itu."
197,Detik,Mesra-mesraan Prabowo-Titiek di Depan Relawan,manusia,FP (manusia dikira AI),tertolong XGB & RF,1,0.5452,0,0.4986,0,0.2499,"Momen kemesraan Prabowo-Titiek terlihat dalam acara pembekalan relawan Prabowo-Sandiaga yang digelar di Istora Senayan, Jakarta, Kamis (22/11/2018). Titiek, yan","Momen kemesraan Prabowo-Titiek terlihat dalam acara pembekalan relawan Prabowo-Sandiaga yang digelar di Istora Senayan, Jakarta, Kamis (22/11/2018). Titiek, yang mengenakan kemeja putih dan celana krem, membacakan ikrar sebagai perwakilan dari relawan Prabowo-Sandiaga. Ada tiga janji pada ikrar tersebut. Poin pertama berisi janji para relawan untuk setia kepada Pancasila, UUD 1945, dan NKRI. Setelah membacakan ikrar, ada kejadian menarik antara Titiek dan Prabowo, yang juga hadir dalam acara pembekalan relawan itu. Ketua Dewan Pembina Partai Berkarya itu turun dari panggung disambut oleh Prabowo, yang duduk di kursi bagian depan. Saat disambut itu, keduanya kemudian tampak bersalaman. Tak hanya bersalaman, Prabowo-Titiek juga cipika-cipiki (cium pipi kanan, cium pipi kiri). Sontak hal itu langsung disambut gegap gempita relawan yang menyaksikan aksi romantis tersebut. Kemesraan Prabowo-Titiek kembali terlihat pada tahun politik menjelang Pilpres 2019. Ini dimulai karena keduanya sama-sama mem-posting foto nostalgia kebersamaan mereka. Kemudian, Titiek juga ikut menemani Prabowo saat mendaftar capres ke KPU. Putri Presiden RI ke-2 Soeharto tersebut juga semakin kerap datang ke rumah Prabowo di Jalan Kertanegara, Jaksel, beberapa waktu belakangan ini. Titiek, yang masuk Badan Pemenangan Nasional (BPN) Prabowo-Sandiaga, juga diketahui sering datang ke rumah Prabowo. Keduanya pun sempat menghadiri peringatan HUT ke-73 RI di Universitas Bung Karno (UBK), Jl Kimia, Menteng, Jakarta Pusat, Jumat (17/8). Momen kemesraan Prabowo-Titiek juga terlihat di sana. Keduanya cipika-cipiki dan berpegangan tangan. Isu soal Prabowo-Titiek rujuk juga sempat berembus pada Pilpres 2014. Bahkan mereka sempat dikabarkan akan kembali menikah. Para pendukung dan orang-orang terdekat Prabowo pun banyak yang berharap keduanya kembali rujuk. ""Saya lihat ada getaran-getaran yang lain daripada yang lain pada hari itu. Dan itu kan hari kemerdekaan kita, jadi ya (Prabowo-Titiek rujuk) harapan kita semua,"" ucap Sandi soal kemesraan Prabowo-Titiek di UBK, Senin (20/8). Seperti diketahui, Titiek merupakan mantan istri Prabowo. Dari pernikahan keduanya, lahir seorang putra bernama Didiet Prabowo."
643,Detik,Warga Tangkap Buaya Sepanjang 3 Meter di Kebun Sawit di Jambi,manusia,FP (manusia dikira AI),tertolong XGB & RF,1,0.618,0,0.4343,0,0.4881,Buaya betina tersebut ditangkap warga setelah dikabarkan nyaris menerkam seorang pekerja kebun sawit. Buaya tersebut diketahui juga sedang bertelur. Proses pena,"Buaya betina tersebut ditangkap warga setelah dikabarkan nyaris menerkam seorang pekerja kebun sawit. Buaya tersebut diketahui juga sedang bertelur. Proses penangkapan buaya tersebut memakan cukup waktu karena berlokasi di lahan gambut dan rawa-rawa. Kepala Seksi Konservasi Wilayah III BKSDA Jambi Faried membenarkan penangkapan tersebut. Namun buaya tersebut belum diserahkan kepada pihak BKSDA Jambi. ""Ya memang benar ada penangkapan seekor buaya muara yang diamankan oleh warga. Hanya, setelah kita kerahkan tim ke lokasi, buaya itu sudah tidak ada lagi, yang ada hanya telur-telurnya saja,"" ujar Faried saat dimintai konfirmasi detikcom, Jumat (16/3/2018). Dia mengatakan saat ini petugas masih mencari keberadaan buaya tersebut. Buaya tersebut ditangkap warga Desa Catur Rahayu, Kelurahan Rantau Indah, Kecamatan Dendang, Kabupaten Tanjung Jabung Timur. ""Nanti kita akan coba koordinasi dengan warga sekitar apakah buaya masih diamankan atau sudah dilepaskan kembali,"" ujarnya. Faried mengatakan kawasan perkebunan sawit tersebut sebelumnya memang merupakan habitat buaya muara. Sebab, lokasi tersebut adalah wilayah perairan dan masih berupa rawa-rawa. ""Namun setelah semakin berkembangnya zaman, lokasi tempat habitat buaya sudah dihuni oleh masyarakat-masyarakat sehingga buaya itu terkadang ada ditemukan warga di dekat rumahnya ataupun di area perkebunan kelapa sawit yang masih memiliki area gambut dan rawa,"" tuturnya. Faried mengatakan buaya muara itu termasuk hewan yang dilindungi. Dia menduga buaya tersebut berada di area perkebunan karena air laut yang tengah pasang. ""Saya rasa, buaya muara yang terdampar dan ditemukan warga itu akibat dampak dari air pasang laut yang tinggi. Sehingga buaya muara itu terdampar ke area perkebunan masyarakat,"" jelasnya. ""Tetapi pada intinya, buaya-buaya muara yang berada di wilayah perairan di Kabupaten Tanjung Jabung Timur itu tidak pernah mau mengganggu masyarakat di sana. Hanya saja, karena buaya itu dalam keadaan bertelur maka sifat agresifnya semakin tinggi,"" sambung Faried. Faried mengimbau agar buaya muara tersebut segera diserahkan kepada pihak BKSDA Jambi. Buaya itu akan dievakuasi ke wilayah yang lebih aman. ""Apalagi buaya muara itu juga sedang bertelur, jadi bisa kita lakukan isolasi dan populasi buaya muara pun tidak berkurang dan dapat menghindari konflik antara manusia dan buaya,"" tukasnya."
152,Kompas,"Tolak Kerjakan PR, Bocah 9 Tahun Tewas Dipukuli Anggota Keluarganya",AI,FN (AI dikira manusia),tertolong XGBoost saja,0,0.2923,1,0.5671,0,0.4609,Seorang bocah berusia 9 tahun dilaporkan tewas setelah dipukuli oleh anggota keluarganya karena menolak mengerjakan pekerjaan rumah (PR). Peristiwa tersebut men,"Seorang bocah berusia 9 tahun dilaporkan tewas setelah dipukuli oleh anggota keluarganya karena menolak mengerjakan pekerjaan rumah (PR). Peristiwa tersebut menjadi perhatian dan ditindaklanjuti pihak kepolisian. Menurut pihak kepolisian, peristiwa tersebut bermula saat korban menolak mengerjakan PR. Aksi kekerasan kemudian terjadi hingga menyebabkan korban meninggal dunia. ""Peristiwa ini bermula saat korban menolak mengerjakan PR. Kami menindaklanjuti kejadian ini,"" ujar perwakilan kepolisian dalam keterangannya. Mereka menjelaskan bahwa penanganan kasus dilakukan untuk mengungkap kronologi kejadian. Menurut mereka, penyelidikan masih terus dilakukan. Polisi menekankan bahwa peristiwa tersebut merupakan tindak kekerasan. Menurut mereka, penanganan dilakukan sesuai dengan ketentuan. Mereka menyatakan bahwa pihak yang diduga terlibat menjalani pemeriksaan. Menurut polisi, pemeriksaan dilakukan untuk mengungkap kejadian. Polisi menjelaskan bahwa penanganan kasus dilakukan secara menyeluruh. Menurut mereka, seluruh fakta didalami untuk mengungkap kejadian. Mereka menekankan bahwa tindak kekerasan terhadap anak merupakan hal serius. Menurut polisi, penanganan dilakukan dengan berpedoman pada ketentuan. Polisi menyatakan akan terus mendalami kasus tersebut. Menurut mereka, penyelidikan dilakukan hingga kasus terungkap. Mereka mengimbau masyarakat untuk menghindari kekerasan dalam mendidik anak. Menurut polisi, kekerasan dapat menimbulkan dampak serius. Polisi berharap penanganan kasus tersebut dapat memberikan keadilan. Menurut mereka, penanganan dilakukan hingga tuntas."
18,Detik,"Update Corona Kabupaten Bogor: 27 Kasus Positif, PDP 367, ODP 382",AI,FN (AI dikira manusia),tertolong XGBoost saja,0,0.3566,1,0.564,0,0.3535,"Pemerintah Kabupaten Bogor merilis data terbaru terkait perkembangan penyebaran virus corona di wilayahnya. Berdasarkan data tersebut, tercatat sebanyak 27 kasu","Pemerintah Kabupaten Bogor merilis data terbaru terkait perkembangan penyebaran virus corona di wilayahnya. Berdasarkan data tersebut, tercatat sebanyak 27 kasus positif, 367 pasien dalam pengawasan (PDP), serta 382 orang dalam pemantauan (ODP). Angka tersebut menunjukkan bahwa penyebaran virus di wilayah Kabupaten Bogor masih perlu diwaspadai. Pemerintah setempat mengimbau masyarakat untuk tetap disiplin menjalankan protokol kesehatan guna menekan laju penularan. Menurut pihak berwenang, pemantauan terhadap para pasien dan warga yang berstatus dalam pengawasan terus dilakukan secara intensif. Langkah ini diambil untuk memastikan penanganan berjalan optimal serta mencegah meluasnya penularan. ""Kami terus memperbarui data setiap hari agar masyarakat memperoleh informasi yang akurat. Kedisiplinan warga sangat menentukan keberhasilan penanganan ini,"" ujar seorang pejabat setempat. Pemerintah daerah juga mengingatkan pentingnya menjaga jarak, mengenakan masker, serta rajin mencuci tangan. Upaya sederhana tersebut dinilai efektif dalam memutus rantai penyebaran virus. Selain itu, warga diimbau untuk segera melaporkan diri apabila mengalami gejala maupun memiliki riwayat kontak dengan pasien. Pelaporan yang cepat diharapkan dapat mempercepat proses penanganan. Pemerintah Kabupaten Bogor menyatakan akan terus berupaya maksimal dalam menangani pandemi. Kerja sama seluruh elemen masyarakat disebut menjadi kunci utama dalam menghadapi situasi yang penuh tantangan ini."
34,Kompas,"Dikalahkan Persela, Persekaba Badung Akui Kalah Kelas",AI,FN (AI dikira manusia),tertolong XGBoost saja,0,0.3832,1,0.5923,0,0.3541,Persekaba Badung mengakui kekalahan dari Persela setelah kalah dalam pertandingan yang berlangsung. Pihak Persekaba menyatakan bahwa lawan tampil lebih baik sep,"Persekaba Badung mengakui kekalahan dari Persela setelah kalah dalam pertandingan yang berlangsung. Pihak Persekaba menyatakan bahwa lawan tampil lebih baik sepanjang jalannya laga. Menurut perwakilan tim, Persela menunjukkan kualitas permainan yang lebih matang. Pengalaman serta kemampuan lawan disebut menjadi faktor yang menentukan hasil akhir pertandingan. ""Kami akui kalah kelas dari Persela. Mereka bermain lebih baik dan pantas meraih kemenangan,"" ujar perwakilan Persekaba Badung seusai pertandingan. Meski mengalami kekalahan, tim Persekaba tetap mengapresiasi perjuangan para pemainnya. Mereka menilai anak asuhnya telah berusaha maksimal meski hasil belum berpihak. Pihak tim menyatakan akan menjadikan kekalahan ini sebagai bahan evaluasi. Berbagai kekurangan yang terlihat dalam pertandingan akan diperbaiki demi persiapan laga berikutnya. Menurut mereka, pengalaman bertanding melawan tim yang lebih kuat menjadi pelajaran berharga. Hal tersebut dinilai penting untuk meningkatkan kualitas permainan tim ke depan. Tim Persekaba juga menyampaikan apresiasi kepada Persela atas kemenangan yang diraih. Mereka berharap dapat tampil lebih baik pada pertandingan-pertandingan selanjutnya. Para pemain diminta untuk tidak berkecil hati atas hasil tersebut. Semangat serta kerja keras disebut menjadi modal penting untuk bangkit di laga mendatang. Pihak tim menegaskan akan terus melakukan pembenahan demi meningkatkan performa. Mereka optimistis bahwa dengan kerja keras, tim dapat meraih hasil yang lebih baik ke depannya."
490,Kompas,"Bertemu Prabowo, Tokoh GNPF Tanyakan Sikap Koalisi soal Rekomendasi Ulama",manusia,FP (manusia dikira AI),tertolong XGBoost saja,1,0.5058,0,0.3001,1,0.5336,Ketua Umum Partai Gerindra Prabowo Subianto bertemu dengan sejumlah ulama dan tokoh dari Gerakan Nasional Pengawal Fatwa (GNPF) Ulama. Pertemuan tersebut digela,"Ketua Umum Partai Gerindra Prabowo Subianto bertemu dengan sejumlah ulama dan tokoh dari Gerakan Nasional Pengawal Fatwa (GNPF) Ulama. Pertemuan tersebut digelar di kediaman Prabowo, Jalan Kertanegara, Jakarta Selatan, Senin (6/8/2018) malam. Sekjen Partai Gerindra Ahmad Muzani menuturkan bahwa kedatangan para ulama dan tokoh GNPF bermaksud untuk menanyakan sikap Prabowo terkait hasil pertemuan para ulama GNPF. Adapun pertemuan ulama dan tokoh GNPF merekomendasikan Prabowo Subianto sebagai calon presiden dan Ketua Majelis Syuro PKS Salim Segaf Al Jufri atau Ustaz Abdul Somad sebagai calon wakil presiden. ""Pada prinsipnya Pak Prabowo sangat menghormati dan menghargai apa yang sudah dihasilkan oleh ijtima (pertemuan) ulama (GNPF),"" ujar Muzani seusai pertemuan. Muzani mengungkapkan, dalam pertemuan itu Prabowo menjelaskan bahwa dirinya sangat menghormati hasil rekomendasi para ulama GNPF. Namun, Prabowo belum mengambil sikap atas hasil rekomendasi itu. Muzani mengatakan, figur cawapres pendamping Prabowo masih harus dikonsultasikan dengan partai calon mitra koalisi, yakni PKS, PAN dan Demokrat. ""Kedatangan mereka untuk menanyakan bagaimana hasil pembicaraan dengan partai. Tadi Pak Prabowo menjelaskan bahwa pembicaraan sudah mulai dilakukan dan masih membutuhkan waktu kira-kira satu atau dua hari ini lagi,"" kata Muzani. ""Insya Allah pada waktu yang tepat beliau akan sampaikan apa hasil kesimpulannya,"" ucapnya. Tokoh dan pimpinan GNPF Ulama yang hadir antara lain Sekretaris Jenderal GNPF Ulama Muhammad Al Khaththath, Ketua Umum GNPF Ulama Yusuf Muhammad Martak, Ketua SC ijtima ulama Abdul Rasyid Abdullah Syafii dan ustaz Idrus Sambo. Saat meninggalkan kediamam Prabowo, Al Khaththath enggan memberikan keterangan terkait hasil pertemuan itu kepada wartawan yang menunggu di pintu gerbang. hanya mengatakan pertemuan itu merupakan silaturahim biasa. Setelah itu ia pergi meninggalkan rumah Prabowo dengan menumpangi sedan Nissan Teana berwarna putih. Sementara itu pimpinan Partai Gerindra yang hadir antara lain Sekretaris Jenderal Partai Gerindra Ahmad Muzani, anggota Dewan Pembina Partai Gerindra Fuad Bawazir dan Ketua DPD Partai Gerindra Provinsi DKI Jakarta M. Taufik. Selain itu hadir pula Ketua Dewan Kehormatan PAN Amien Rais dan Ketua DPP PAN Yandri Susanto."
759,Liputan6,Mendagri: Camat Harus Dapat Maksimalkan Pelayanan Publik di Tingkat Kecamatan,manusia,FP (manusia dikira AI),tertolong XGBoost saja,1,0.5273,0,0.3024,1,0.5061,"Camat sebagai ujung tombak penyelenggara pemerintahan di Kecamatan dapat memaksimalkan fungsi-fungsinya untuk mewujudkan peningkatan pelayanan publik, pengelola","Camat sebagai ujung tombak penyelenggara pemerintahan di Kecamatan dapat memaksimalkan fungsi-fungsinya untuk mewujudkan peningkatan pelayanan publik, pengelolaan pengaduan masyarakat, pengelolaan informasi, pengawasan internal, penyuluhan kepada masyarakat, dan beberapa pelayanan lainnya. Hal tersebut disampaikan Menteri Dalam Negeri (Mendagri) Tjahjo Kumolo dalam kesempatannya memberikan kata sambutan pada acara Rapat Koordinasi Nasional Camat Regional III yang dilaksanakan di Hotel Shangrilla Surabaya, kamis (15/11/2018). Ia mengharapkan, camat dapat melakukan inovasi sebagai bagian peningkatan mutu penyelenggaraan pemerintahan di daerah khususnya di wilayah Kecamatan. Tjahjo menyampaikan 5 point khusus untuk dilaksanakan camat Sebagai wujud komitmen pemerintah pusat dalam mengoptimalkan penyelenggaraan pemerintahan di wilayah Kecamatan. Pertama, pelimpahan sebagian kewenangan otonomi daerah kepada camat menjadi hal yang mutlak untuk dilaksanakan dalam rangka efektivitas dan efisiensi penyelenggaraan pemerintahan di wilayah kecamatan. Kedua, Kecamatan sepantasnya diberikan peluang untuk menyusun usulan-usulan kegiatan teknis dan didukung pendanaan yang berbasis kinerja seperti yang dilakukan oleh perangkat daerah lainnya. Ketiga, penguatan kelembagaan dan SDM Kecamatan harus dimaknai sebagai proses investasi kepemimpinan lokal jangka panjang untuk mendukung tugas pokok dan fungsi organisasi Kecamatan. Keempat, perlu dilakukan peningkatan manajemen pelayanan publik dan gagasan inovasi pelayanan publik untuk mendukung terciptanya pelayanan publik yang bermutu, efektif dan efisien; dan Kelima, camat secara konkret melaksanakan fungsi negara dalam rangka penciptaan kondisi yang dinamis, aman, tertib dan sinergi antar berbagai elemen penyelenggara pemerintahan dan masyarakat dalam rangka menjaga keutuhan NKRI. Tjahjo berharap melalui rapat koordinasi nasional Camat menjadi sebuah momentum yang berharga untuk menyatukan visi dalam menciptakan penyelenggaraan pemerintahan di wilayah Kecamatan yang berbasis pelayanan yang kredibel dan akuntabel dalam kerangka otonomi daerah dan semangat reformasi birokrasi di daerah. ”Dalam jiwa pamong saudara-saudaralah eksistensi negara akan terjaga dan selalu hadir di tengah-tengah masyarakat, untuk selalu memberikan pelayanan terbaik bagi masyarakat,” pungkas Tjahjo. (*)"
578,Liputan6,Kemnaker dan Komisi IX DPR Dorong BPJS untuk Mempermudah Prosedur Layanan,manusia,FP (manusia dikira AI),tertolong XGBoost saja,1,0.6305,0,0.4789,1,0.5305,Kementerian Ketenagakerjaan (Kemnaker) dan Komisi IX DPR RI mendorong agar prosedur pelayanan BPJS Ketenagakerjaan dan BPJS Kesehatan dapat dipermudah dan diper,"Kementerian Ketenagakerjaan (Kemnaker) dan Komisi IX DPR RI mendorong agar prosedur pelayanan BPJS Ketenagakerjaan dan BPJS Kesehatan dapat dipermudah dan dipercepat. Hal ini dibutuhkan sebagai implementasi jaminan sosial untuk meningkatkan perlindungan dan kesejahteraan pekerja/ buruh serta masyarakat umum beserta seluruh keluarganya. Hal tersebut disampaikan Irianto Simbolon, staf ahli Menteri Ketenagakerjaan, seusai mendampingi kunjungan kerja Komisi IX DPR RI ke Kabupaten Berau, Kalimantan Timur. ""Kita mendorong pekerja dan masyarakat yang mengalami persoalan ketenagakerjaan seperti kecelakaan kerja, sakit, dan sebagainya agar bisa secepat mungkin terlayani dan terobati tanpa ada kesulitan prosedural,"" ujarnya, dalam keterangan pers Biro Humas Kemnaker pada Jumat (3/8/2018). Irianto pun mendorong agar penggunaan KTP dalam layanan BJPS Ketenagakerjaan dan BPJS Kesehatan dapat dipergunakan secara optimal. Sebab, sudah ada NIK yang berlaku nasional. Selain masalah jaminan sosial, ia menjelaskan bahwa Reses DPR tersebut juga bertujuan membahas peningkatan kompetensi SDM di Berau. Kemnaker, Komisi IX, dan Pemerintah Kabupaten (Pemkab) Berau telah sepakat untuk membangun Balai Latihan Kerja (BLK) di Kabupaten Berau. Mengingat, Kabupaten Berau memiliki tiga potensi untuk dikembangkan, yakni pariwisata, pertambangan, dan perkebunan. ""Semoga dengan sinergitas semua instansi dan stakeholder yang ada dapat segera terealisasi pembangunan BLK dalam waktu dekat,"" ucap Irianto. Dari hasil kesepakatan, Pemkab Berau sudah menyiapkan lahan seluas lima hektare untuk pembangunan BLK. Rencananya, pembangunan gedung akan dibawahi oleh Pemerintah Provinsi Kalimantan Timur. ""Sedangkan Kemnaker mendukung peralatannya karena itu sangat mahal. Tentu dengan dukungan dari Komisi IX DPR RI juga,"" kata Irianto. Terkait upaya mencegah kecelakaan kerja di perusahaan-perusahaan pertambangan yang berada di kawasan Berau, ia mengatakan bahwa perlu diterapkan budaya Keselamatan dan Kesehatan Kerja (K3) di lingkungan kerja. ""Kita optimalkan penerapan norma-norma K3 untuk mencegah dan mengantisipasi kecelakaan kerja dan penyakit akibat kerja,"" ujar Irianto. Dalam kesempatan tersebut, dirinya menjelaskan bahwa perusahaan pertambangan seperti terikat secara langsung dengan beberapa kementerian, seperti Kemnaker dan Kementerian ESDM. Oleh karena itu, Irianto memperjelas kewenangan masing-masing kementerian. Contohnya, persoalan yang berkaitan dengan bisnis dan teknis perusahaan pertambangan, menjadi kewenangan dari Kementerian ESDM. Sementara itu, berdasarkan Undang-undang Nomor 1 Tahun 1970 tentang Keselamatan dan Kesehatan Kerja, pengawasan mengenai ketenagakerjaan menjadi bidang kerja pengawas ketenagakerjaan. ""Jadi ketika terjadi kecelakaan kerja, penanganannya yang pertama kali dan berwenang adalah instansi Kemnaker atau Disnaker atau yang lebih dikenal lagi dengan pegawai pengawas ketenagakerjaan,"" ucap Irianto. (*)"
